"","passage","n","p","deviance","se"
"1",1,0.0478014839354093,0.0243114751781563,-0.023490008757253,0.0314262878108653
"2",2,0.0773375089082581,0.0579945780971591,-0.019342930811099,0.0384422453465748
"3",3,0.0239819165794872,0.0386985363572866,0.0147166197777994,0.0217152340187019
"4",4,0.0298594540242715,0.0977167274698894,0.0678572734456179,0.0237989973327967
"5",5,0.117936670238607,0.251733268490528,0.133796598251921,0.152545140994226
