passage	treat	parental	offspring	selected
1	n	0.04780148393540932	0.07733750890825812	0.004543226206992539
1	p	0.024311475178156336	0.0579945780971591	0.09428426126823862
2	n	0.07733750890825812	0.023981916579487155	0.04295091358966445
2	p	0.0579945780971591	0.03869853635728656	0.022959770256663136
3	n	0.023981916579487155	0.029859454024271495	0.04670822471059911
3	p	0.03869853635728656	0.0977167274698894	0.17489027405907276
4	n	0.029859454024271495	0.11793667023860675	0.02580210018419256
4	p	0.0977167274698894	0.25173326849052796	0.20459488613522966
